game_id,season,week,game_type,game_date,home_team,away_team,venue,attendance,capacity,source_url,verified
2020_01_HOU_KC,2020,1,REG,2020-09-10,KC,HOU,KC_KAN00,,,,
2020_01_ARI_SF,2020,1,REG,2020-09-13,SF,ARI,SF_SFO01,,,,
2020_01_CHI_DET,2020,1,REG,2020-09-13,DET,CHI,DET_DET00,,,,
2020_01_CLE_BAL,2020,1,REG,2020-09-13,BAL,CLE,BAL_BAL00,,,,
2020_01_DAL_LA,2020,1,REG,2020-09-13,LA,DAL,LA_LAX01,,,,
2020_01_GB_MIN,2020,1,REG,2020-09-13,MIN,GB,MIN_MIN01,,,,
2020_01_IND_JAX,2020,1,REG,2020-09-13,JAX,IND,JAX_JAX00,,,,
2020_01_LAC_CIN,2020,1,REG,2020-09-13,CIN,LAC,CIN_CIN00,,,,
2020_01_LV_CAR,2020,1,REG,2020-09-13,CAR,LV,CAR_CAR00,,,,
2020_01_MIA_NE,2020,1,REG,2020-09-13,NE,MIA,NE_BOS00,,,,
2020_01_NYJ_BUF,2020,1,REG,2020-09-13,BUF,NYJ,BUF_BUF00,,,,
2020_01_PHI_WAS,2020,1,REG,2020-09-13,WAS,PHI,WAS_WAS00,,,,
2020_01_SEA_ATL,2020,1,REG,2020-09-13,ATL,SEA,ATL_ATL97,,,,
2020_01_TB_NO,2020,1,REG,2020-09-13,NO,TB,NO_NOR00,,,,
2020_01_PIT_NYG,2020,1,REG,2020-09-14,NYG,PIT,NYG_NYC01,,,,
2020_01_TEN_DEN,2020,1,REG,2020-09-14,DEN,TEN,DEN_DEN00,,,,
2020_02_CIN_CLE,2020,2,REG,2020-09-17,CLE,CIN,CLE_CLE00,,,,
2020_02_ATL_DAL,2020,2,REG,2020-09-20,DAL,ATL,DAL_DAL00,,,,
2020_02_BAL_HOU,2020,2,REG,2020-09-20,HOU,BAL,HOU_HOU00,,,,
2020_02_BUF_MIA,2020,2,REG,2020-09-20,MIA,BUF,MIA_MIA00,,,,
2020_02_CAR_TB,2020,2,REG,2020-09-20,TB,CAR,TB_TAM00,,,,
2020_02_DEN_PIT,2020,2,REG,2020-09-20,PIT,DEN,PIT_PIT00,,,,
2020_02_DET_GB,2020,2,REG,2020-09-20,GB,DET,GB_GNB00,,,,
2020_02_JAX_TEN,2020,2,REG,2020-09-20,TEN,JAX,TEN_NAS00,,,,
2020_02_KC_LAC,2020,2,REG,2020-09-20,LAC,KC,LAC_LAX01,,,,
2020_02_LA_PHI,2020,2,REG,2020-09-20,PHI,LA,PHI_PHI00,,,,
2020_02_MIN_IND,2020,2,REG,2020-09-20,IND,MIN,IND_IND00,,,,
2020_02_NE_SEA,2020,2,REG,2020-09-20,SEA,NE,SEA_SEA00,,,,
2020_02_NYG_CHI,2020,2,REG,2020-09-20,CHI,NYG,CHI_CHI98,,,,
2020_02_SF_NYJ,2020,2,REG,2020-09-20,NYJ,SF,NYJ_NYC01,,,,
2020_02_WAS_ARI,2020,2,REG,2020-09-20,ARI,WAS,ARI_PHO00,,,,
2020_02_NO_LV,2020,2,REG,2020-09-21,LV,NO,LV_VEG00,,,,
2020_03_MIA_JAX,2020,3,REG,2020-09-24,JAX,MIA,JAX_JAX00,,,,
2020_03_CAR_LAC,2020,3,REG,2020-09-27,LAC,CAR,LAC_LAX01,,,,
2020_03_CHI_ATL,2020,3,REG,2020-09-27,ATL,CHI,ATL_ATL97,,,,
2020_03_CIN_PHI,2020,3,REG,2020-09-27,PHI,CIN,PHI_PHI00,,,,
2020_03_DAL_SEA,2020,3,REG,2020-09-27,SEA,DAL,SEA_SEA00,,,,
2020_03_DET_ARI,2020,3,REG,2020-09-27,ARI,DET,ARI_PHO00,,,,
2020_03_GB_NO,2020,3,REG,2020-09-27,NO,GB,NO_NOR00,,,,
2020_03_HOU_PIT,2020,3,REG,2020-09-27,PIT,HOU,PIT_PIT00,,,,
2020_03_LA_BUF,2020,3,REG,2020-09-27,BUF,LA,BUF_BUF00,,,,
2020_03_LV_NE,2020,3,REG,2020-09-27,NE,LV,NE_BOS00,,,,
2020_03_NYJ_IND,2020,3,REG,2020-09-27,IND,NYJ,IND_IND00,,,,
2020_03_SF_NYG,2020,3,REG,2020-09-27,NYG,SF,NYG_NYC01,,,,
2020_03_TB_DEN,2020,3,REG,2020-09-27,DEN,TB,DEN_DEN00,,,,
2020_03_TEN_MIN,2020,3,REG,2020-09-27,MIN,TEN,MIN_MIN01,,,,
2020_03_WAS_CLE,2020,3,REG,2020-09-27,CLE,WAS,CLE_CLE00,,,,
2020_03_KC_BAL,2020,3,REG,2020-09-28,BAL,KC,BAL_BAL00,,,,
2020_04_DEN_NYJ,2020,4,REG,2020-10-01,NYJ,DEN,NYJ_NYC01,,,,
2020_04_ARI_CAR,2020,4,REG,2020-10-04,CAR,ARI,CAR_CAR00,,,,
2020_04_BAL_WAS,2020,4,REG,2020-10-04,WAS,BAL,WAS_WAS00,,,,
2020_04_BUF_LV,2020,4,REG,2020-10-04,LV,BUF,LV_VEG00,,,,
2020_04_CLE_DAL,2020,4,REG,2020-10-04,DAL,CLE,DAL_DAL00,,,,
2020_04_IND_CHI,2020,4,REG,2020-10-04,CHI,IND,CHI_CHI98,,,,
2020_04_JAX_CIN,2020,4,REG,2020-10-04,CIN,JAX,CIN_CIN00,,,,
2020_04_LAC_TB,2020,4,REG,2020-10-04,TB,LAC,TB_TAM00,,,,
2020_04_MIN_HOU,2020,4,REG,2020-10-04,HOU,MIN,HOU_HOU00,,,,
2020_04_NO_DET,2020,4,REG,2020-10-04,DET,NO,DET_DET00,,,,
2020_04_NYG_LA,2020,4,REG,2020-10-04,LA,NYG,LA_LAX01,,,,
2020_04_PHI_SF,2020,4,REG,2020-10-04,SF,PHI,SF_SFO01,,,,
2020_04_SEA_MIA,2020,4,REG,2020-10-04,MIA,SEA,MIA_MIA00,,,,
2020_04_ATL_GB,2020,4,REG,2020-10-05,GB,ATL,GB_GNB00,,,,
2020_04_NE_KC,2020,4,REG,2020-10-05,KC,NE,KC_KAN00,,,,
2020_05_TB_CHI,2020,5,REG,2020-10-08,CHI,TB,CHI_CHI98,,,,
2020_05_ARI_NYJ,2020,5,REG,2020-10-11,NYJ,ARI,NYJ_NYC01,,,,
2020_05_CAR_ATL,2020,5,REG,2020-10-11,ATL,CAR,ATL_ATL97,,,,
2020_05_CIN_BAL,2020,5,REG,2020-10-11,BAL,CIN,BAL_BAL00,,,,
2020_05_IND_CLE,2020,5,REG,2020-10-11,CLE,IND,CLE_CLE00,,,,
2020_05_JAX_HOU,2020,5,REG,2020-10-11,HOU,JAX,HOU_HOU00,,,,
2020_05_LA_WAS,2020,5,REG,2020-10-11,WAS,LA,WAS_WAS00,,,,
2020_05_LV_KC,2020,5,REG,2020-10-11,KC,LV,KC_KAN00,,,,
2020_05_MIA_SF,2020,5,REG,2020-10-11,SF,MIA,SF_SFO01,,,,
2020_05_MIN_SEA,2020,5,REG,2020-10-11,SEA,MIN,SEA_SEA00,,,,
2020_05_NYG_DAL,2020,5,REG,2020-10-11,DAL,NYG,DAL_DAL00,,,,
2020_05_PHI_PIT,2020,5,REG,2020-10-11,PIT,PHI,PIT_PIT00,,,,
2020_05_LAC_NO,2020,5,REG,2020-10-12,NO,LAC,NO_NOR00,,,,
2020_05_BUF_TEN,2020,5,REG,2020-10-13,TEN,BUF,TEN_NAS00,,,,
2020_06_ATL_MIN,2020,6,REG,2020-10-18,MIN,ATL,MIN_MIN01,,,,
2020_06_BAL_PHI,2020,6,REG,2020-10-18,PHI,BAL,PHI_PHI00,,,,
2020_06_CHI_CAR,2020,6,REG,2020-10-18,CAR,CHI,CAR_CAR00,,,,
2020_06_CIN_IND,2020,6,REG,2020-10-18,IND,CIN,IND_IND00,,,,
2020_06_CLE_PIT,2020,6,REG,2020-10-18,PIT,CLE,PIT_PIT00,,,,
2020_06_DEN_NE,2020,6,REG,2020-10-18,NE,DEN,NE_BOS00,,,,
2020_06_DET_JAX,2020,6,REG,2020-10-18,JAX,DET,JAX_JAX00,,,,
2020_06_GB_TB,2020,6,REG,2020-10-18,TB,GB,TB_TAM00,,,,
2020_06_HOU_TEN,2020,6,REG,2020-10-18,TEN,HOU,TEN_NAS00,,,,
2020_06_LA_SF,2020,6,REG,2020-10-18,SF,LA,SF_SFO01,,,,
2020_06_NYJ_MIA,2020,6,REG,2020-10-18,MIA,NYJ,MIA_MIA00,,,,
2020_06_WAS_NYG,2020,6,REG,2020-10-18,NYG,WAS,NYG_NYC01,,,,
2020_06_ARI_DAL,2020,6,REG,2020-10-19,DAL,ARI,DAL_DAL00,,,,
2020_06_KC_BUF,2020,6,REG,2020-10-19,BUF,KC,BUF_BUF00,,,,
2020_07_NYG_PHI,2020,7,REG,2020-10-22,PHI,NYG,PHI_PHI00,,,,
2020_07_BUF_NYJ,2020,7,REG,2020-10-25,NYJ,BUF,NYJ_NYC01,,,,
2020_07_CAR_NO,2020,7,REG,2020-10-25,NO,CAR,NO_NOR00,,,,
2020_07_CLE_CIN,2020,7,REG,2020-10-25,CIN,CLE,CIN_CIN00,,,,
2020_07_DAL_WAS,2020,7,REG,2020-10-25,WAS,DAL,WAS_WAS00,,,,
2020_07_DET_ATL,2020,7,REG,2020-10-25,ATL,DET,ATL_ATL97,,,,
2020_07_GB_HOU,2020,7,REG,2020-10-25,HOU,GB,HOU_HOU00,,,,
2020_07_JAX_LAC,2020,7,REG,2020-10-25,LAC,JAX,LAC_LAX01,,,,
2020_07_KC_DEN,2020,7,REG,2020-10-25,DEN,KC,DEN_DEN00,,,,
2020_07_PIT_TEN,2020,7,REG,2020-10-25,TEN,PIT,TEN_NAS00,,,,
2020_07_SEA_ARI,2020,7,REG,2020-10-25,ARI,SEA,ARI_PHO00,,,,
2020_07_SF_NE,2020,7,REG,2020-10-25,NE,SF,NE_BOS00,,,,
2020_07_TB_LV,2020,7,REG,2020-10-25,LV,TB,LV_VEG00,,,,
2020_07_CHI_LA,2020,7,REG,2020-10-26,LA,CHI,LA_LAX01,,,,
2020_08_ATL_CAR,2020,8,REG,2020-10-29,CAR,ATL,CAR_CAR00,,,,
2020_08_DAL_PHI,2020,8,REG,2020-11-01,PHI,DAL,PHI_PHI00,,,,
2020_08_IND_DET,2020,8,REG,2020-11-01,DET,IND,DET_DET00,,,,
2020_08_LAC_DEN,2020,8,REG,2020-11-01,DEN,LAC,DEN_DEN00,,,,
2020_08_LA_MIA,2020,8,REG,2020-11-01,MIA,LA,MIA_MIA00,,,,
2020_08_LV_CLE,2020,8,REG,2020-11-01,CLE,LV,CLE_CLE00,,,,
2020_08_MIN_GB,2020,8,REG,2020-11-01,GB,MIN,GB_GNB00,,,,
2020_08_NE_BUF,2020,8,REG,2020-11-01,BUF,NE,BUF_BUF00,,,,
2020_08_NO_CHI,2020,8,REG,2020-11-01,CHI,NO,CHI_CHI98,,,,
2020_08_NYJ_KC,2020,8,REG,2020-11-01,KC,NYJ,KC_KAN00,,,,
2020_08_PIT_BAL,2020,8,REG,2020-11-01,BAL,PIT,BAL_BAL00,,,,
2020_08_SF_SEA,2020,8,REG,2020-11-01,SEA,SF,SEA_SEA00,,,,
2020_08_TEN_CIN,2020,8,REG,2020-11-01,CIN,TEN,CIN_CIN00,,,,
2020_08_TB_NYG,2020,8,REG,2020-11-02,NYG,TB,NYG_NYC01,,,,
2020_09_GB_SF,2020,9,REG,2020-11-05,SF,GB,SF_SFO01,,,,
2020_09_BAL_IND,2020,9,REG,2020-11-08,IND,BAL,IND_IND00,,,,
2020_09_CAR_KC,2020,9,REG,2020-11-08,KC,CAR,KC_KAN00,,,,
2020_09_CHI_TEN,2020,9,REG,2020-11-08,TEN,CHI,TEN_NAS00,,,,
2020_09_DEN_ATL,2020,9,REG,2020-11-08,ATL,DEN,ATL_ATL97,,,,
2020_09_DET_MIN,2020,9,REG,2020-11-08,MIN,DET,MIN_MIN01,,,,
2020_09_HOU_JAX,2020,9,REG,2020-11-08,JAX,HOU,JAX_JAX00,,,,
2020_09_LV_LAC,2020,9,REG,2020-11-08,LAC,LV,LAC_LAX01,,,,
2020_09_MIA_ARI,2020,9,REG,2020-11-08,ARI,MIA,ARI_PHO00,,,,
2020_09_NO_TB,2020,9,REG,2020-11-08,TB,NO,TB_TAM00,,,,
2020_09_NYG_WAS,2020,9,REG,2020-11-08,WAS,NYG,WAS_WAS00,,,,
2020_09_PIT_DAL,2020,9,REG,2020-11-08,DAL,PIT,DAL_DAL00,,,,
2020_09_SEA_BUF,2020,9,REG,2020-11-08,BUF,SEA,BUF_BUF00,,,,
2020_09_NE_NYJ,2020,9,REG,2020-11-09,NYJ,NE,NYJ_NYC01,,,,
2020_10_IND_TEN,2020,10,REG,2020-11-12,TEN,IND,TEN_NAS00,,,,
2020_10_BAL_NE,2020,10,REG,2020-11-15,NE,BAL,NE_BOS00,,,,
2020_10_BUF_ARI,2020,10,REG,2020-11-15,ARI,BUF,ARI_PHO00,,,,
2020_10_CIN_PIT,2020,10,REG,2020-11-15,PIT,CIN,PIT_PIT00,,,,
2020_10_DEN_LV,2020,10,REG,2020-11-15,LV,DEN,LV_VEG00,,,,
2020_10_HOU_CLE,2020,10,REG,2020-11-15,CLE,HOU,CLE_CLE00,,,,
2020_10_JAX_GB,2020,10,REG,2020-11-15,GB,JAX,GB_GNB00,,,,
2020_10_LAC_MIA,2020,10,REG,2020-11-15,MIA,LAC,MIA_MIA00,,,,
2020_10_PHI_NYG,2020,10,REG,2020-11-15,NYG,PHI,NYG_NYC01,,,,
2020_10_SEA_LA,2020,10,REG,2020-11-15,LA,SEA,LA_LAX01,,,,
2020_10_SF_NO,2020,10,REG,2020-11-15,NO,SF,NO_NOR00,,,,
2020_10_TB_CAR,2020,10,REG,2020-11-15,CAR,TB,CAR_CAR00,,,,
2020_10_WAS_DET,2020,10,REG,2020-11-15,DET,WAS,DET_DET00,,,,
2020_10_MIN_CHI,2020,10,REG,2020-11-16,CHI,MIN,CHI_CHI98,,,,
2020_11_ARI_SEA,2020,11,REG,2020-11-19,SEA,ARI,SEA_SEA00,,,,
2020_11_ATL_NO,2020,11,REG,2020-11-22,NO,ATL,NO_NOR00,,,,
2020_11_CIN_WAS,2020,11,REG,2020-11-22,WAS,CIN,WAS_WAS00,,,,
2020_11_DAL_MIN,2020,11,REG,2020-11-22,MIN,DAL,MIN_MIN01,,,,
2020_11_DET_CAR,2020,11,REG,2020-11-22,CAR,DET,CAR_CAR00,,,,
2020_11_GB_IND,2020,11,REG,2020-11-22,IND,GB,IND_IND00,,,,
2020_11_KC_LV,2020,11,REG,2020-11-22,LV,KC,LV_VEG00,,,,
2020_11_MIA_DEN,2020,11,REG,2020-11-22,DEN,MIA,DEN_DEN00,,,,
2020_11_NE_HOU,2020,11,REG,2020-11-22,HOU,NE,HOU_HOU00,,,,
2020_11_NYJ_LAC,2020,11,REG,2020-11-22,LAC,NYJ,LAC_LAX01,,,,
2020_11_PHI_CLE,2020,11,REG,2020-11-22,CLE,PHI,CLE_CLE00,,,,
2020_11_PIT_JAX,2020,11,REG,2020-11-22,JAX,PIT,JAX_JAX00,,,,
2020_11_TEN_BAL,2020,11,REG,2020-11-22,BAL,TEN,BAL_BAL00,,,,
2020_11_LA_TB,2020,11,REG,2020-11-23,TB,LA,TB_TAM00,,,,
2020_12_HOU_DET,2020,12,REG,2020-11-26,DET,HOU,DET_DET00,,,,
2020_12_WAS_DAL,2020,12,REG,2020-11-26,DAL,WAS,DAL_DAL00,,,,
2020_12_ARI_NE,2020,12,REG,2020-11-29,NE,ARI,NE_BOS00,,,,
2020_12_CAR_MIN,2020,12,REG,2020-11-29,MIN,CAR,MIN_MIN01,,,,
2020_12_CHI_GB,2020,12,REG,2020-11-29,GB,CHI,GB_GNB00,,,,
2020_12_CLE_JAX,2020,12,REG,2020-11-29,JAX,CLE,JAX_JAX00,,,,
2020_12_KC_TB,2020,12,REG,2020-11-29,TB,KC,TB_TAM00,,,,
2020_12_LAC_BUF,2020,12,REG,2020-11-29,BUF,LAC,BUF_BUF00,,,,
2020_12_LV_ATL,2020,12,REG,2020-11-29,ATL,LV,ATL_ATL97,,,,
2020_12_MIA_NYJ,2020,12,REG,2020-11-29,NYJ,MIA,NYJ_NYC01,,,,
2020_12_NO_DEN,2020,12,REG,2020-11-29,DEN,NO,DEN_DEN00,,,,
2020_12_NYG_CIN,2020,12,REG,2020-11-29,CIN,NYG,CIN_CIN00,,,,
2020_12_SF_LA,2020,12,REG,2020-11-29,LA,SF,LA_LAX01,,,,
2020_12_TEN_IND,2020,12,REG,2020-11-29,IND,TEN,IND_IND00,,,,
2020_12_SEA_PHI,2020,12,REG,2020-11-30,PHI,SEA,PHI_PHI00,,,,
2020_12_BAL_PIT,2020,12,REG,2020-12-02,PIT,BAL,PIT_PIT00,,,,
2020_13_CIN_MIA,2020,13,REG,2020-12-06,MIA,CIN,MIA_MIA00,,,,
2020_13_CLE_TEN,2020,13,REG,2020-12-06,TEN,CLE,TEN_NAS00,,,,
2020_13_DEN_KC,2020,13,REG,2020-12-06,KC,DEN,KC_KAN00,,,,
2020_13_DET_CHI,2020,13,REG,2020-12-06,CHI,DET,CHI_CHI98,,,,
2020_13_IND_HOU,2020,13,REG,2020-12-06,HOU,IND,HOU_HOU00,,,,
2020_13_JAX_MIN,2020,13,REG,2020-12-06,MIN,JAX,MIN_MIN01,,,,
2020_13_LA_ARI,2020,13,REG,2020-12-06,ARI,LA,ARI_PHO00,,,,
2020_13_LV_NYJ,2020,13,REG,2020-12-06,NYJ,LV,NYJ_NYC01,,,,
2020_13_NE_LAC,2020,13,REG,2020-12-06,LAC,NE,LAC_LAX01,,,,
2020_13_NO_ATL,2020,13,REG,2020-12-06,ATL,NO,ATL_ATL97,,,,
2020_13_NYG_SEA,2020,13,REG,2020-12-06,SEA,NYG,SEA_SEA00,,,,
2020_13_PHI_GB,2020,13,REG,2020-12-06,GB,PHI,GB_GNB00,,,,
2020_13_BUF_SF,2020,13,REG,2020-12-07,SF,BUF,SF_PHO00,,,,
2020_13_WAS_PIT,2020,13,REG,2020-12-07,PIT,WAS,PIT_PIT00,,,,
2020_13_DAL_BAL,2020,13,REG,2020-12-08,BAL,DAL,BAL_BAL00,,,,
2020_14_NE_LA,2020,14,REG,2020-12-10,LA,NE,LA_LAX01,,,,
2020_14_ARI_NYG,2020,14,REG,2020-12-13,NYG,ARI,NYG_NYC01,,,,
2020_14_ATL_LAC,2020,14,REG,2020-12-13,LAC,ATL,LAC_LAX01,,,,
2020_14_DAL_CIN,2020,14,REG,2020-12-13,CIN,DAL,CIN_CIN00,,,,
2020_14_DEN_CAR,2020,14,REG,2020-12-13,CAR,DEN,CAR_CAR00,,,,
2020_14_GB_DET,2020,14,REG,2020-12-13,DET,GB,DET_DET00,,,,
2020_14_HOU_CHI,2020,14,REG,2020-12-13,CHI,HOU,CHI_CHI98,,,,
2020_14_IND_LV,2020,14,REG,2020-12-13,LV,IND,LV_VEG00,,,,
2020_14_KC_MIA,2020,14,REG,2020-12-13,MIA,KC,MIA_MIA00,,,,
2020_14_MIN_TB,2020,14,REG,2020-12-13,TB,MIN,TB_TAM00,,,,
2020_14_NO_PHI,2020,14,REG,2020-12-13,PHI,NO,PHI_PHI00,,,,
2020_14_NYJ_SEA,2020,14,REG,2020-12-13,SEA,NYJ,SEA_SEA00,,,,
2020_14_PIT_BUF,2020,14,REG,2020-12-13,BUF,PIT,BUF_BUF00,,,,
2020_14_TEN_JAX,2020,14,REG,2020-12-13,JAX,TEN,JAX_JAX00,,,,
2020_14_WAS_SF,2020,14,REG,2020-12-13,SF,WAS,SF_PHO00,,,,
2020_14_BAL_CLE,2020,14,REG,2020-12-14,CLE,BAL,CLE_CLE00,,,,
2020_15_LAC_LV,2020,15,REG,2020-12-17,LV,LAC,LV_VEG00,,,,
2020_15_BUF_DEN,2020,15,REG,2020-12-19,DEN,BUF,DEN_DEN00,,,,
2020_15_CAR_GB,2020,15,REG,2020-12-19,GB,CAR,GB_GNB00,,,,
2020_15_CHI_MIN,2020,15,REG,2020-12-20,MIN,CHI,MIN_MIN01,,,,
2020_15_CLE_NYG,2020,15,REG,2020-12-20,NYG,CLE,NYG_NYC01,,,,
2020_15_DET_TEN,2020,15,REG,2020-12-20,TEN,DET,TEN_NAS00,,,,
2020_15_HOU_IND,2020,15,REG,2020-12-20,IND,HOU,IND_IND00,,,,
2020_15_JAX_BAL,2020,15,REG,2020-12-20,BAL,JAX,BAL_BAL00,,,,
2020_15_KC_NO,2020,15,REG,2020-12-20,NO,KC,NO_NOR00,,,,
2020_15_NE_MIA,2020,15,REG,2020-12-20,MIA,NE,MIA_MIA00,,,,
2020_15_NYJ_LA,2020,15,REG,2020-12-20,LA,NYJ,LA_LAX01,,,,
2020_15_PHI_ARI,2020,15,REG,2020-12-20,ARI,PHI,ARI_PHO00,,,,
2020_15_SEA_WAS,2020,15,REG,2020-12-20,WAS,SEA,WAS_WAS00,,,,
2020_15_SF_DAL,2020,15,REG,2020-12-20,DAL,SF,DAL_DAL00,,,,
2020_15_TB_ATL,2020,15,REG,2020-12-20,ATL,TB,ATL_ATL97,,,,
2020_15_PIT_CIN,2020,15,REG,2020-12-21,CIN,PIT,CIN_CIN00,,,,
2020_16_MIN_NO,2020,16,REG,2020-12-25,NO,MIN,NO_NOR00,,,,
2020_16_MIA_LV,2020,16,REG,2020-12-26,LV,MIA,LV_VEG00,,,,
2020_16_SF_ARI,2020,16,REG,2020-12-26,ARI,SF,ARI_PHO00,,,,
2020_16_TB_DET,2020,16,REG,2020-12-26,DET,TB,DET_DET00,,,,
2020_16_ATL_KC,2020,16,REG,2020-12-27,KC,ATL,KC_KAN00,,,,
2020_16_CAR_WAS,2020,16,REG,2020-12-27,WAS,CAR,WAS_WAS00,,,,
2020_16_CHI_JAX,2020,16,REG,2020-12-27,JAX,CHI,JAX_JAX00,,,,
2020_16_CIN_HOU,2020,16,REG,2020-12-27,HOU,CIN,HOU_HOU00,,,,
2020_16_CLE_NYJ,2020,16,REG,2020-12-27,NYJ,CLE,NYJ_NYC01,,,,
2020_16_DEN_LAC,2020,16,REG,2020-12-27,LAC,DEN,LAC_LAX01,,,,
2020_16_IND_PIT,2020,16,REG,2020-12-27,PIT,IND,PIT_PIT00,,,,
2020_16_LA_SEA,2020,16,REG,2020-12-27,SEA,LA,SEA_SEA00,,,,
2020_16_NYG_BAL,2020,16,REG,2020-12-27,BAL,NYG,BAL_BAL00,,,,
2020_16_PHI_DAL,2020,16,REG,2020-12-27,DAL,PHI,DAL_DAL00,,,,
2020_16_TEN_GB,2020,16,REG,2020-12-27,GB,TEN,GB_GNB00,,,,
2020_16_BUF_NE,2020,16,REG,2020-12-28,NE,BUF,NE_BOS00,,,,
2020_17_ARI_LA,2020,17,REG,2021-01-03,LA,ARI,LA_LAX01,,,,
2020_17_ATL_TB,2020,17,REG,2021-01-03,TB,ATL,TB_TAM00,,,,
2020_17_BAL_CIN,2020,17,REG,2021-01-03,CIN,BAL,CIN_CIN00,,,,
2020_17_DAL_NYG,2020,17,REG,2021-01-03,NYG,DAL,NYG_NYC01,,,,
2020_17_GB_CHI,2020,17,REG,2021-01-03,CHI,GB,CHI_CHI98,,,,
2020_17_JAX_IND,2020,17,REG,2021-01-03,IND,JAX,IND_IND00,,,,
2020_17_LAC_KC,2020,17,REG,2021-01-03,KC,LAC,KC_KAN00,,,,
2020_17_LV_DEN,2020,17,REG,2021-01-03,DEN,LV,DEN_DEN00,,,,
2020_17_MIA_BUF,2020,17,REG,2021-01-03,BUF,MIA,BUF_BUF00,,,,
2020_17_MIN_DET,2020,17,REG,2021-01-03,DET,MIN,DET_DET00,,,,
2020_17_NO_CAR,2020,17,REG,2021-01-03,CAR,NO,CAR_CAR00,,,,
2020_17_NYJ_NE,2020,17,REG,2021-01-03,NE,NYJ,NE_BOS00,,,,
2020_17_PIT_CLE,2020,17,REG,2021-01-03,CLE,PIT,CLE_CLE00,,,,
2020_17_SEA_SF,2020,17,REG,2021-01-03,SF,SEA,SF_PHO00,,,,
2020_17_TEN_HOU,2020,17,REG,2021-01-03,HOU,TEN,HOU_HOU00,,,,
2020_17_WAS_PHI,2020,17,REG,2021-01-03,PHI,WAS,PHI_PHI00,,,,
2020_18_IND_BUF,2020,18,POST,2021-01-09,BUF,IND,BUF_BUF00,,,,
2020_18_LA_SEA,2020,18,POST,2021-01-09,SEA,LA,SEA_SEA00,,,,
2020_18_TB_WAS,2020,18,POST,2021-01-09,WAS,TB,WAS_WAS00,,,,
2020_18_BAL_TEN,2020,18,POST,2021-01-10,TEN,BAL,TEN_NAS00,,,,
2020_18_CHI_NO,2020,18,POST,2021-01-10,NO,CHI,NO_NOR00,,,,
2020_18_CLE_PIT,2020,18,POST,2021-01-10,PIT,CLE,PIT_PIT00,,,,
2020_19_BAL_BUF,2020,19,POST,2021-01-16,BUF,BAL,BUF_BUF00,,,,
2020_19_LA_GB,2020,19,POST,2021-01-16,GB,LA,GB_GNB00,,,,
2020_19_CLE_KC,2020,19,POST,2021-01-17,KC,CLE,KC_KAN00,,,,
2020_19_TB_NO,2020,19,POST,2021-01-17,NO,TB,NO_NOR00,,,,
2020_20_BUF_KC,2020,20,POST,2021-01-24,KC,BUF,KC_KAN00,,,,
2020_20_TB_GB,2020,20,POST,2021-01-24,GB,TB,GB_GNB00,,,,
2020_21_KC_TB,2020,21,POST,2021-02-07,TB,KC,TB_TAM00,,,,
